/*
Navicat MySQL Data Transfer

Source Server         : test
Source Server Version : 80011
Source Host           : 127.0.0.1:3306
Source Database       : hiauth

Target Server Type    : MYSQL
Target Server Version : 80011
File Encoding         : 65001

Date: 2020-03-10 17:34:10
*/

SET FOREIGN_KEY_CHECKS=0;

-- ----------------------------
-- Table structure for clientdetails
-- ----------------------------
DROP TABLE IF EXISTS `clientdetails`;
CREATE TABLE `clientdetails` (
  `appId` varchar(255) NOT NULL,
  `resourceIds` varchar(256) DEFAULT NULL,
  `appSecret` varchar(256) DEFAULT NULL,
  `scope` varchar(256) DEFAULT NULL,
  `grantTypes` varchar(256) DEFAULT NULL,
  `redirectUrl` varchar(256) DEFAULT NULL,
  `authorities` varchar(256) DEFAULT NULL,
  `access_token_validity` int(11) DEFAULT NULL,
  `refresh_token_validity` int(11) DEFAULT NULL,
  `additionalInformation` varchar(4096) DEFAULT NULL,
  `autoApproveScopes` varchar(256) DEFAULT NULL,
  PRIMARY KEY (`appId`)
) ENGINE=InnoDB DEFAULT CHARSET=utf8;

-- ----------------------------
-- Records of clientdetails
-- ----------------------------

-- ----------------------------
-- Table structure for oauth_access_token
-- ----------------------------
DROP TABLE IF EXISTS `oauth_access_token`;
CREATE TABLE `oauth_access_token` (
  `token_id` varchar(256) DEFAULT NULL,
  `token` blob,
  `authentication_id` varchar(255) NOT NULL,
  `user_name` varchar(256) DEFAULT NULL,
  `client_id` varchar(256) DEFAULT NULL,
  `authentication` blob,
  `refresh_token` varchar(256) DEFAULT NULL,
  PRIMARY KEY (`authentication_id`)
) ENGINE=InnoDB DEFAULT CHARSET=utf8;

-- ----------------------------
-- Records of oauth_access_token
-- ----------------------------
INSERT INTO `oauth_access_token` VALUES ('2cc5eccc920d3d9de99bf1399e369af4', 0xACED0005737200436F72672E737072696E676672616D65776F726B2E73656375726974792E6F61757468322E636F6D6D6F6E2E44656661756C744F4175746832416363657373546F6B656E0CB29E361B24FACE0200064C00156164646974696F6E616C496E666F726D6174696F6E74000F4C6A6176612F7574696C2F4D61703B4C000A65787069726174696F6E7400104C6A6176612F7574696C2F446174653B4C000C72656672657368546F6B656E74003F4C6F72672F737072696E676672616D65776F726B2F73656375726974792F6F61757468322F636F6D6D6F6E2F4F417574683252656672657368546F6B656E3B4C000573636F706574000F4C6A6176612F7574696C2F5365743B4C0009746F6B656E547970657400124C6A6176612F6C616E672F537472696E673B4C000576616C756571007E000578707372001E6A6176612E7574696C2E436F6C6C656374696F6E7324456D7074794D6170593614855ADCE7D002000078707372000E6A6176612E7574696C2E44617465686A81014B5974190300007870770800000170BECBD734787372004C6F72672E737072696E676672616D65776F726B2E73656375726974792E6F61757468322E636F6D6D6F6E2E44656661756C744578706972696E674F417574683252656672657368546F6B656E2FDF47639DD0C9B70200014C000A65787069726174696F6E71007E0002787200446F72672E737072696E676672616D65776F726B2E73656375726974792E6F61757468322E636F6D6D6F6E2E44656661756C744F417574683252656672657368546F6B656E73E10E0A6354D45E0200014C000576616C756571007E0005787074002437306465353635312D303134372D346538362D616164392D3863643438323162363330617371007E0009770800000170C110037E78737200256A6176612E7574696C2E436F6C6C656374696F6E7324556E6D6F6469666961626C65536574801D92D18F9B80550200007872002C6A6176612E7574696C2E436F6C6C656374696F6E7324556E6D6F6469666961626C65436F6C6C656374696F6E19420080CB5EF71E0200014C0001637400164C6A6176612F7574696C2F436F6C6C656374696F6E3B7870737200176A6176612E7574696C2E4C696E6B656448617368536574D86CD75A95DD2A1E020000787200116A6176612E7574696C2E48617368536574BA44859596B8B7340300007870770C000000103F400000000000027400054F52444552740005474F4F44537874000662656172657274002461353936333335362D323666652D343631612D613737342D303235383735356163306663, '2ce998de2026ccaa216479a3b6503e53', 'admin', 'hidemo_client_id', 0xACED0005737200416F72672E737072696E676672616D65776F726B2E73656375726974792E6F61757468322E70726F76696465722E4F417574683241757468656E7469636174696F6EBD400B02166252130200024C000D73746F7265645265717565737474003C4C6F72672F737072696E676672616D65776F726B2F73656375726974792F6F61757468322F70726F76696465722F4F4175746832526571756573743B4C00127573657241757468656E7469636174696F6E7400324C6F72672F737072696E676672616D65776F726B2F73656375726974792F636F72652F41757468656E7469636174696F6E3B787200476F72672E737072696E676672616D65776F726B2E73656375726974792E61757468656E7469636174696F6E2E416273747261637441757468656E7469636174696F6E546F6B656ED3AA287E6E47640E0200035A000D61757468656E746963617465644C000B617574686F7269746965737400164C6A6176612F7574696C2F436F6C6C656374696F6E3B4C000764657461696C737400124C6A6176612F6C616E672F4F626A6563743B787000737200266A6176612E7574696C2E436F6C6C656374696F6E7324556E6D6F6469666961626C654C697374FC0F2531B5EC8E100200014C00046C6973747400104C6A6176612F7574696C2F4C6973743B7872002C6A6176612E7574696C2E436F6C6C656374696F6E7324556E6D6F6469666961626C65436F6C6C656374696F6E19420080CB5EF71E0200014C00016371007E00047870737200136A6176612E7574696C2E41727261794C6973747881D21D99C7619D03000149000473697A65787000000004770400000004737200426F72672E737072696E676672616D65776F726B2E73656375726974792E636F72652E617574686F726974792E53696D706C654772616E746564417574686F7269747900000000000001FE0200014C0004726F6C657400124C6A6176612F6C616E672F537472696E673B787074000A2F757365722F6C6973747371007E000D7400082F757365722F6D657371007E000D74000A524F4C455F41444D494E7371007E000D740009524F4C455F555345527871007E000C707372003A6F72672E737072696E676672616D65776F726B2E73656375726974792E6F61757468322E70726F76696465722E4F41757468325265717565737400000000000000010200075A0008617070726F7665644C000B617574686F72697469657371007E00044C000A657874656E73696F6E7374000F4C6A6176612F7574696C2F4D61703B4C000B726564697265637455726971007E000E4C00077265667265736874003B4C6F72672F737072696E676672616D65776F726B2F73656375726974792F6F61757468322F70726F76696465722F546F6B656E526571756573743B4C000B7265736F7572636549647374000F4C6A6176612F7574696C2F5365743B4C000D726573706F6E7365547970657371007E001A787200386F72672E737072696E676672616D65776F726B2E73656375726974792E6F61757468322E70726F76696465722E426173655265717565737436287A3EA37169BD0200034C0008636C69656E74496471007E000E4C001172657175657374506172616D657465727371007E00184C000573636F706571007E001A7870740010686964656D6F5F636C69656E745F6964737200256A6176612E7574696C2E436F6C6C656374696F6E7324556E6D6F6469666961626C654D6170F1A5A8FE74F507420200014C00016D71007E00187870737200116A6176612E7574696C2E486173684D61700507DAC1C31660D103000246000A6C6F6164466163746F724900097468726573686F6C6478703F4000000000000C77080000001000000007740004636F646574000661313457394874000A6772616E745F74797065740012617574686F72697A6174696F6E5F636F646574000573636F706574000B474F4F44532B4F5244455274000D726573706F6E73655F74797065740004636F646574000C72656469726563745F757269740025687474703A2F2F6C6F63616C686F73743A383038312F686964656D6F2F63616C6C6261636B74000D636C69656E745F736563726574740006313233343536740009636C69656E745F6964740010686964656D6F5F636C69656E745F696478737200256A6176612E7574696C2E436F6C6C656374696F6E7324556E6D6F6469666961626C65536574801D92D18F9B80550200007871007E0009737200176A6176612E7574696C2E4C696E6B656448617368536574D86CD75A95DD2A1E020000787200116A6176612E7574696C2E48617368536574BA44859596B8B7340300007870770C000000103F400000000000027400054F52444552740005474F4F445378017371007E0033770C000000103F400000000000017371007E000D74000A524F4C455F41444D494E787371007E00203F400000000000007708000000100000000078740025687474703A2F2F6C6F63616C686F73743A383038312F686964656D6F2F63616C6C6261636B707371007E0033770C000000103F40000000000000787371007E0033770C000000103F4000000000000171007E0029787372004F6F72672E737072696E676672616D65776F726B2E73656375726974792E61757468656E7469636174696F6E2E557365726E616D6550617373776F726441757468656E7469636174696F6E546F6B656E00000000000001FE0200024C000B63726564656E7469616C7371007E00054C00097072696E636970616C71007E00057871007E0003017371007E00077371007E000B0000000477040000000471007E000F71007E001171007E001371007E00157871007E0041737200486F72672E737072696E676672616D65776F726B2E73656375726974792E7765622E61757468656E7469636174696F6E2E57656241757468656E7469636174696F6E44657461696C7300000000000001FE0200024C000D72656D6F74654164647265737371007E000E4C000973657373696F6E496471007E000E787074000F303A303A303A303A303A303A303A31740020414546394146384430433738383544313532414330444343303143434342394470737200326F72672E737072696E676672616D65776F726B2E73656375726974792E636F72652E7573657264657461696C732E5573657200000000000001FE0200075A00116163636F756E744E6F6E457870697265645A00106163636F756E744E6F6E4C6F636B65645A001563726564656E7469616C734E6F6E457870697265645A0007656E61626C65644C000B617574686F72697469657371007E001A4C000870617373776F726471007E000E4C0008757365726E616D6571007E000E7870010101017371007E0030737200116A6176612E7574696C2E54726565536574DD98509395ED875B0300007870737200466F72672E737072696E676672616D65776F726B2E73656375726974792E636F72652E7573657264657461696C732E5573657224417574686F72697479436F6D70617261746F7200000000000001FE020000787077040000000471007E000F71007E001171007E001371007E0015787074000561646D696E, '98181d99cd8e882dcc61f3591e0196fc');
INSERT INTO `oauth_access_token` VALUES ('4ba1024b095a4e15c3933cf98c0e89b2', 0xACED0005737200436F72672E737072696E676672616D65776F726B2E73656375726974792E6F61757468322E636F6D6D6F6E2E44656661756C744F4175746832416363657373546F6B656E0CB29E361B24FACE0200064C00156164646974696F6E616C496E666F726D6174696F6E74000F4C6A6176612F7574696C2F4D61703B4C000A65787069726174696F6E7400104C6A6176612F7574696C2F446174653B4C000C72656672657368546F6B656E74003F4C6F72672F737072696E676672616D65776F726B2F73656375726974792F6F61757468322F636F6D6D6F6E2F4F417574683252656672657368546F6B656E3B4C000573636F706574000F4C6A6176612F7574696C2F5365743B4C0009746F6B656E547970657400124C6A6176612F6C616E672F537472696E673B4C000576616C756571007E000578707372001E6A6176612E7574696C2E436F6C6C656374696F6E7324456D7074794D6170593614855ADCE7D002000078707372000E6A6176612E7574696C2E44617465686A81014B5974190300007870770800000170C30A5AAF7870737200256A6176612E7574696C2E436F6C6C656374696F6E7324556E6D6F6469666961626C65536574801D92D18F9B80550200007872002C6A6176612E7574696C2E436F6C6C656374696F6E7324556E6D6F6469666961626C65436F6C6C656374696F6E19420080CB5EF71E0200014C0001637400164C6A6176612F7574696C2F436F6C6C656374696F6E3B7870737200176A6176612E7574696C2E4C696E6B656448617368536574D86CD75A95DD2A1E020000787200116A6176612E7574696C2E48617368536574BA44859596B8B7340300007870770C000000103F40000000000001740004415554487874000662656172657274002462363134326230642D643832312D346661372D616666632D313735663664343835363361, 'f747599985df3296f9c92224a8e1626a', 'admin', 'umc_client_id', 0xACED0005737200416F72672E737072696E676672616D65776F726B2E73656375726974792E6F61757468322E70726F76696465722E4F417574683241757468656E7469636174696F6EBD400B02166252130200024C000D73746F7265645265717565737474003C4C6F72672F737072696E676672616D65776F726B2F73656375726974792F6F61757468322F70726F76696465722F4F4175746832526571756573743B4C00127573657241757468656E7469636174696F6E7400324C6F72672F737072696E676672616D65776F726B2F73656375726974792F636F72652F41757468656E7469636174696F6E3B787200476F72672E737072696E676672616D65776F726B2E73656375726974792E61757468656E7469636174696F6E2E416273747261637441757468656E7469636174696F6E546F6B656ED3AA287E6E47640E0200035A000D61757468656E746963617465644C000B617574686F7269746965737400164C6A6176612F7574696C2F436F6C6C656374696F6E3B4C000764657461696C737400124C6A6176612F6C616E672F4F626A6563743B787000737200266A6176612E7574696C2E436F6C6C656374696F6E7324556E6D6F6469666961626C654C697374FC0F2531B5EC8E100200014C00046C6973747400104C6A6176612F7574696C2F4C6973743B7872002C6A6176612E7574696C2E436F6C6C656374696F6E7324556E6D6F6469666961626C65436F6C6C656374696F6E19420080CB5EF71E0200014C00016371007E00047870737200136A6176612E7574696C2E41727261794C6973747881D21D99C7619D03000149000473697A65787000000004770400000004737200426F72672E737072696E676672616D65776F726B2E73656375726974792E636F72652E617574686F726974792E53696D706C654772616E746564417574686F7269747900000000000001FE0200014C0004726F6C657400124C6A6176612F6C616E672F537472696E673B787074000A2F757365722F6C6973747371007E000D7400082F757365722F6D657371007E000D74000A524F4C455F41444D494E7371007E000D740009524F4C455F555345527871007E000C707372003A6F72672E737072696E676672616D65776F726B2E73656375726974792E6F61757468322E70726F76696465722E4F41757468325265717565737400000000000000010200075A0008617070726F7665644C000B617574686F72697469657371007E00044C000A657874656E73696F6E7374000F4C6A6176612F7574696C2F4D61703B4C000B726564697265637455726971007E000E4C00077265667265736874003B4C6F72672F737072696E676672616D65776F726B2F73656375726974792F6F61757468322F70726F76696465722F546F6B656E526571756573743B4C000B7265736F7572636549647374000F4C6A6176612F7574696C2F5365743B4C000D726573706F6E7365547970657371007E001A787200386F72672E737072696E676672616D65776F726B2E73656375726974792E6F61757468322E70726F76696465722E426173655265717565737436287A3EA37169BD0200034C0008636C69656E74496471007E000E4C001172657175657374506172616D657465727371007E00184C000573636F706571007E001A787074000D756D635F636C69656E745F6964737200256A6176612E7574696C2E436F6C6C656374696F6E7324556E6D6F6469666961626C654D6170F1A5A8FE74F507420200014C00016D71007E00187870737200116A6176612E7574696C2E486173684D61700507DAC1C31660D103000246000A6C6F6164466163746F724900097468726573686F6C6478703F400000000000067708000000080000000374000A6772616E745F7479706574000870617373776F7264740009636C69656E745F696474000D756D635F636C69656E745F6964740008757365726E616D6574000561646D696E78737200256A6176612E7574696C2E436F6C6C656374696F6E7324556E6D6F6469666961626C65536574801D92D18F9B80550200007871007E0009737200176A6176612E7574696C2E4C696E6B656448617368536574D86CD75A95DD2A1E020000787200116A6176612E7574696C2E48617368536574BA44859596B8B7340300007870770C000000103F400000000000017400044155544878017371007E002B770C000000103F400000000000017371007E000D740009524F4C455F55534552787371007E00203F40000000000000770800000010000000007870707371007E002B770C000000103F40000000000000787371007E002B770C000000103F40000000000000787372004F6F72672E737072696E676672616D65776F726B2E73656375726974792E61757468656E7469636174696F6E2E557365726E616D6550617373776F726441757468656E7469636174696F6E546F6B656E00000000000001FE0200024C000B63726564656E7469616C7371007E00054C00097072696E636970616C71007E00057871007E0003017371007E00077371007E000B0000000477040000000471007E000F71007E001171007E001371007E00157871007E0037737200176A6176612E7574696C2E4C696E6B6564486173684D617034C04E5C106CC0FB0200015A000B6163636573734F726465727871007E00203F400000000000067708000000080000000474000D636C69656E745F73656372657474000631323334353671007E002271007E002371007E002471007E002571007E002671007E0027780070737200326F72672E737072696E676672616D65776F726B2E73656375726974792E636F72652E7573657264657461696C732E5573657200000000000001FE0200075A00116163636F756E744E6F6E457870697265645A00106163636F756E744E6F6E4C6F636B65645A001563726564656E7469616C734E6F6E457870697265645A0007656E61626C65644C000B617574686F72697469657371007E001A4C000870617373776F726471007E000E4C0008757365726E616D6571007E000E7870010101017371007E0028737200116A6176612E7574696C2E54726565536574DD98509395ED875B0300007870737200466F72672E737072696E676672616D65776F726B2E73656375726974792E636F72652E7573657264657461696C732E5573657224417574686F72697479436F6D70617261746F7200000000000001FE020000787077040000000471007E000F71007E001171007E001371007E0015787074000561646D696E, null);

-- ----------------------------
-- Table structure for oauth_approvals
-- ----------------------------
DROP TABLE IF EXISTS `oauth_approvals`;
CREATE TABLE `oauth_approvals` (
  `userId` varchar(256) DEFAULT NULL,
  `clientId` varchar(256) DEFAULT NULL,
  `scope` varchar(256) DEFAULT NULL,
  `status` varchar(10) DEFAULT NULL,
  `expiresAt` timestamp NOT NULL DEFAULT CURRENT_TIMESTAMP ON UPDATE CURRENT_TIMESTAMP,
  `lastModifiedAt` timestamp NULL DEFAULT NULL
) ENGINE=InnoDB DEFAULT CHARSET=utf8;

-- ----------------------------
-- Records of oauth_approvals
-- ----------------------------
INSERT INTO `oauth_approvals` VALUES ('admin', 'himall_client_id', 'GOODS', 'APPROVED', '2020-04-05 07:37:26', '2020-03-05 07:37:26');
INSERT INTO `oauth_approvals` VALUES ('admin', 'himall_client_id', 'ORDER', 'APPROVED', '2020-04-05 07:37:26', '2020-03-05 07:37:26');
INSERT INTO `oauth_approvals` VALUES ('admin', 'hidemo_client_id', 'GOODS', 'APPROVED', '2020-04-08 20:01:20', '2020-03-08 20:01:20');
INSERT INTO `oauth_approvals` VALUES ('admin', 'hidemo_client_id', 'ORDER', 'APPROVED', '2020-04-08 20:01:20', '2020-03-08 20:01:20');
INSERT INTO `oauth_approvals` VALUES ('user', 'hidemo_client_id', 'ORDER', 'APPROVED', '2020-04-09 02:51:05', '2020-03-09 02:51:05');
INSERT INTO `oauth_approvals` VALUES ('user', 'hidemo_client_id', 'GOODS', 'APPROVED', '2020-04-09 02:51:05', '2020-03-09 02:51:05');
INSERT INTO `oauth_approvals` VALUES ('user', 'himall_client_id', 'GOODS', 'APPROVED', '2020-04-09 16:33:49', '2020-03-09 16:33:49');
INSERT INTO `oauth_approvals` VALUES ('user', 'himall_client_id', 'ORDER', 'APPROVED', '2020-04-09 16:33:49', '2020-03-09 16:33:49');
INSERT INTO `oauth_approvals` VALUES ('test', 'hidemo_client_id', 'GOODS', 'APPROVED', '2020-04-09 16:51:06', '2020-03-09 16:51:06');
INSERT INTO `oauth_approvals` VALUES ('test', 'hidemo_client_id', 'ORDER', 'APPROVED', '2020-04-09 16:51:06', '2020-03-09 16:51:06');

-- ----------------------------
-- Table structure for oauth_client_details
-- ----------------------------
DROP TABLE IF EXISTS `oauth_client_details`;
CREATE TABLE `oauth_client_details` (
  `client_id` varchar(255) NOT NULL,
  `resource_ids` varchar(256) DEFAULT NULL,
  `client_secret` varchar(256) DEFAULT NULL,
  `scope` varchar(256) DEFAULT NULL,
  `authorized_grant_types` varchar(256) DEFAULT NULL,
  `web_server_redirect_uri` varchar(2560) DEFAULT NULL,
  `authorities` varchar(256) DEFAULT NULL,
  `access_token_validity` int(11) DEFAULT NULL,
  `refresh_token_validity` int(11) DEFAULT NULL,
  `additional_information` varchar(4096) DEFAULT NULL,
  `autoapprove` varchar(256) DEFAULT NULL,
  PRIMARY KEY (`client_id`)
) ENGINE=InnoDB DEFAULT CHARSET=utf8;

-- ----------------------------
-- Records of oauth_client_details
-- ----------------------------
INSERT INTO `oauth_client_details` VALUES ('hiauth_swagger2', '', '$2a$10$1N/.LvTJuYpvxDzoJ1KdvuPDdV/kDSQE9Cxm9BzB1PreyzK6gmFRe', 'AUTH', 'authorization_code', 'http://localhost:8181/hiauth/webjars/springfox-swagger-ui/oauth2-redirect.html,http://hiauth.cn/hiauth/webjars/springfox-swagger-ui/oauth2-redirect.html', 'ROLE_USER', '1800', '86400', '', 'false');
INSERT INTO `oauth_client_details` VALUES ('hidemo_client_id', '', '$2a$10$1N/.LvTJuYpvxDzoJ1KdvuPDdV/kDSQE9Cxm9BzB1PreyzK6gmFRe', 'AUTH,GOODS,ORDER', 'authorization_code,client_credentials,password,refresh_token', 'http://localhost:8081/hidemo/callback', 'ROLE_ADMIN', '1800', '86400', '', 'false');
INSERT INTO `oauth_client_details` VALUES ('himall_client_id', '', '$2a$10$1N/.LvTJuYpvxDzoJ1KdvuPDdV/kDSQE9Cxm9BzB1PreyzK6gmFRe', 'AUTH,GOODS,ORDER', 'authorization_code,client_credentials,password,refresh_token', 'http://localhost:8182/himall/callback,http://hiauth.cn/himall/callback', 'ROLE_USER', '1800', '86400', '', 'false');
INSERT INTO `oauth_client_details` VALUES ('umc_client_id', '', '$2a$10$1N/.LvTJuYpvxDzoJ1KdvuPDdV/kDSQE9Cxm9BzB1PreyzK6gmFRe', 'AUTH', 'password', '', 'ROLE_USER', '1800', '86400', '', 'false');

-- ----------------------------
-- Table structure for oauth_client_token
-- ----------------------------
DROP TABLE IF EXISTS `oauth_client_token`;
CREATE TABLE `oauth_client_token` (
  `token_id` varchar(256) DEFAULT NULL,
  `token` blob,
  `authentication_id` varchar(255) NOT NULL,
  `user_name` varchar(256) DEFAULT NULL,
  `client_id` varchar(256) DEFAULT NULL,
  PRIMARY KEY (`authentication_id`)
) ENGINE=InnoDB DEFAULT CHARSET=utf8;

-- ----------------------------
-- Records of oauth_client_token
-- ----------------------------

-- ----------------------------
-- Table structure for oauth_code
-- ----------------------------
DROP TABLE IF EXISTS `oauth_code`;
CREATE TABLE `oauth_code` (
  `code` varchar(256) DEFAULT NULL,
  `authentication` blob
) ENGINE=InnoDB DEFAULT CHARSET=utf8;

-- ----------------------------
-- Records of oauth_code
-- ----------------------------

-- ----------------------------
-- Table structure for oauth_refresh_token
-- ----------------------------
DROP TABLE IF EXISTS `oauth_refresh_token`;
CREATE TABLE `oauth_refresh_token` (
  `token_id` varchar(256) DEFAULT NULL,
  `token` blob,
  `authentication` blob
) ENGINE=InnoDB DEFAULT CHARSET=utf8;

-- ----------------------------
-- Records of oauth_refresh_token
-- ----------------------------
INSERT INTO `oauth_refresh_token` VALUES ('98181d99cd8e882dcc61f3591e0196fc', 0xACED00057372004C6F72672E737072696E676672616D65776F726B2E73656375726974792E6F61757468322E636F6D6D6F6E2E44656661756C744578706972696E674F417574683252656672657368546F6B656E2FDF47639DD0C9B70200014C000A65787069726174696F6E7400104C6A6176612F7574696C2F446174653B787200446F72672E737072696E676672616D65776F726B2E73656375726974792E6F61757468322E636F6D6D6F6E2E44656661756C744F417574683252656672657368546F6B656E73E10E0A6354D45E0200014C000576616C75657400124C6A6176612F6C616E672F537472696E673B787074002437306465353635312D303134372D346538362D616164392D3863643438323162363330617372000E6A6176612E7574696C2E44617465686A81014B5974190300007870770800000170C110037E78, 0xACED0005737200416F72672E737072696E676672616D65776F726B2E73656375726974792E6F61757468322E70726F76696465722E4F417574683241757468656E7469636174696F6EBD400B02166252130200024C000D73746F7265645265717565737474003C4C6F72672F737072696E676672616D65776F726B2F73656375726974792F6F61757468322F70726F76696465722F4F4175746832526571756573743B4C00127573657241757468656E7469636174696F6E7400324C6F72672F737072696E676672616D65776F726B2F73656375726974792F636F72652F41757468656E7469636174696F6E3B787200476F72672E737072696E676672616D65776F726B2E73656375726974792E61757468656E7469636174696F6E2E416273747261637441757468656E7469636174696F6E546F6B656ED3AA287E6E47640E0200035A000D61757468656E746963617465644C000B617574686F7269746965737400164C6A6176612F7574696C2F436F6C6C656374696F6E3B4C000764657461696C737400124C6A6176612F6C616E672F4F626A6563743B787000737200266A6176612E7574696C2E436F6C6C656374696F6E7324556E6D6F6469666961626C654C697374FC0F2531B5EC8E100200014C00046C6973747400104C6A6176612F7574696C2F4C6973743B7872002C6A6176612E7574696C2E436F6C6C656374696F6E7324556E6D6F6469666961626C65436F6C6C656374696F6E19420080CB5EF71E0200014C00016371007E00047870737200136A6176612E7574696C2E41727261794C6973747881D21D99C7619D03000149000473697A65787000000004770400000004737200426F72672E737072696E676672616D65776F726B2E73656375726974792E636F72652E617574686F726974792E53696D706C654772616E746564417574686F7269747900000000000001FE0200014C0004726F6C657400124C6A6176612F6C616E672F537472696E673B787074000A2F757365722F6C6973747371007E000D7400082F757365722F6D657371007E000D74000A524F4C455F41444D494E7371007E000D740009524F4C455F555345527871007E000C707372003A6F72672E737072696E676672616D65776F726B2E73656375726974792E6F61757468322E70726F76696465722E4F41757468325265717565737400000000000000010200075A0008617070726F7665644C000B617574686F72697469657371007E00044C000A657874656E73696F6E7374000F4C6A6176612F7574696C2F4D61703B4C000B726564697265637455726971007E000E4C00077265667265736874003B4C6F72672F737072696E676672616D65776F726B2F73656375726974792F6F61757468322F70726F76696465722F546F6B656E526571756573743B4C000B7265736F7572636549647374000F4C6A6176612F7574696C2F5365743B4C000D726573706F6E7365547970657371007E001A787200386F72672E737072696E676672616D65776F726B2E73656375726974792E6F61757468322E70726F76696465722E426173655265717565737436287A3EA37169BD0200034C0008636C69656E74496471007E000E4C001172657175657374506172616D657465727371007E00184C000573636F706571007E001A7870740010686964656D6F5F636C69656E745F6964737200256A6176612E7574696C2E436F6C6C656374696F6E7324556E6D6F6469666961626C654D6170F1A5A8FE74F507420200014C00016D71007E00187870737200116A6176612E7574696C2E486173684D61700507DAC1C31660D103000246000A6C6F6164466163746F724900097468726573686F6C6478703F4000000000000C77080000001000000007740004636F646574000661313457394874000A6772616E745F74797065740012617574686F72697A6174696F6E5F636F646574000573636F706574000B474F4F44532B4F5244455274000D726573706F6E73655F74797065740004636F646574000C72656469726563745F757269740025687474703A2F2F6C6F63616C686F73743A383038312F686964656D6F2F63616C6C6261636B74000D636C69656E745F736563726574740006313233343536740009636C69656E745F6964740010686964656D6F5F636C69656E745F696478737200256A6176612E7574696C2E436F6C6C656374696F6E7324556E6D6F6469666961626C65536574801D92D18F9B80550200007871007E0009737200176A6176612E7574696C2E4C696E6B656448617368536574D86CD75A95DD2A1E020000787200116A6176612E7574696C2E48617368536574BA44859596B8B7340300007870770C000000103F400000000000027400054F52444552740005474F4F445378017371007E0033770C000000103F400000000000017371007E000D74000A524F4C455F41444D494E787371007E00203F400000000000007708000000100000000078740025687474703A2F2F6C6F63616C686F73743A383038312F686964656D6F2F63616C6C6261636B707371007E0033770C000000103F40000000000000787371007E0033770C000000103F4000000000000171007E0029787372004F6F72672E737072696E676672616D65776F726B2E73656375726974792E61757468656E7469636174696F6E2E557365726E616D6550617373776F726441757468656E7469636174696F6E546F6B656E00000000000001FE0200024C000B63726564656E7469616C7371007E00054C00097072696E636970616C71007E00057871007E0003017371007E00077371007E000B0000000477040000000471007E000F71007E001171007E001371007E00157871007E0041737200486F72672E737072696E676672616D65776F726B2E73656375726974792E7765622E61757468656E7469636174696F6E2E57656241757468656E7469636174696F6E44657461696C7300000000000001FE0200024C000D72656D6F74654164647265737371007E000E4C000973657373696F6E496471007E000E787074000F303A303A303A303A303A303A303A31740020414546394146384430433738383544313532414330444343303143434342394470737200326F72672E737072696E676672616D65776F726B2E73656375726974792E636F72652E7573657264657461696C732E5573657200000000000001FE0200075A00116163636F756E744E6F6E457870697265645A00106163636F756E744E6F6E4C6F636B65645A001563726564656E7469616C734E6F6E457870697265645A0007656E61626C65644C000B617574686F72697469657371007E001A4C000870617373776F726471007E000E4C0008757365726E616D6571007E000E7870010101017371007E0030737200116A6176612E7574696C2E54726565536574DD98509395ED875B0300007870737200466F72672E737072696E676672616D65776F726B2E73656375726974792E636F72652E7573657264657461696C732E5573657224417574686F72697479436F6D70617261746F7200000000000001FE020000787077040000000471007E000F71007E001171007E001371007E0015787074000561646D696E);

-- ----------------------------
-- Table structure for sys_account
-- ----------------------------
DROP TABLE IF EXISTS `sys_account`;
CREATE TABLE `sys_account` (
  `id` bigint(20) NOT NULL,
  `userId` bigint(20) DEFAULT NULL COMMENT '管理用户',
  `type` varchar(20) DEFAULT NULL COMMENT '第三方账号类型',
  `openid` int(64) DEFAULT NULL COMMENT '第三方用户表示',
  `accessToken` varchar(100) DEFAULT NULL COMMENT 'accessToken',
  `refreshToken` varchar(100) DEFAULT NULL COMMENT 'refreshToken',
  `expireTime` datetime DEFAULT NULL COMMENT '失效时间',
  `createTime` datetime DEFAULT NULL COMMENT '创建时间',
  `lastLoginTime` datetime DEFAULT NULL COMMENT '最后一次登录时间',
  PRIMARY KEY (`id`),
  UNIQUE KEY `unique_accessToken` (`accessToken`) USING BTREE,
  UNIQUE KEY `unique_bindUser` (`userId`,`type`,`openid`) USING BTREE COMMENT '确定user与第三方账号的绑定唯一性'
) ENGINE=InnoDB DEFAULT CHARSET=utf8;

-- ----------------------------
-- Records of sys_account
-- ----------------------------

-- ----------------------------
-- Table structure for sys_app
-- ----------------------------
DROP TABLE IF EXISTS `sys_app`;
CREATE TABLE `sys_app` (
  `id` bigint(20) NOT NULL COMMENT '主键',
  `clientId` varchar(255) NOT NULL COMMENT '关联oauth_client_details主键client_id',
  `name` varchar(20) NOT NULL COMMENT '应用名称',
  `img1X` varchar(100) DEFAULT NULL COMMENT '应用图标一倍图',
  `createTime` datetime DEFAULT NULL COMMENT '创建时间',
  PRIMARY KEY (`id`),
  UNIQUE KEY `un_clientId` (`clientId`) USING BTREE
) ENGINE=InnoDB DEFAULT CHARSET=utf8;

-- ----------------------------
-- Records of sys_app
-- ----------------------------
INSERT INTO `sys_app` VALUES ('1', 'umc_client_id', 'HiAuth用户管理中心', 'https://file.iviewui.com/dist/a0e88e83800f138b94d2414621bd9704.png', '2019-02-05 16:32:36');
INSERT INTO `sys_app` VALUES ('2', 'himall_client_id', '黑猫商城', 'https://file.iviewui.com/dist/a0e88e83800f138b94d2414621bd9704.png', '2019-03-27 15:39:02');
INSERT INTO `sys_app` VALUES ('3', 'hiauth_swagger2', 'HiAuth Swagger2', 'https://file.iviewui.com/dist/a0e88e83800f138b94d2414621bd9704.png', '2019-03-27 15:39:02');
INSERT INTO `sys_app` VALUES ('4', 'hidemo_client_id', 'hidemo', 'https://file.iviewui.com/dist/a0e88e83800f138b94d2414621bd9704.png', null);

-- ----------------------------
-- Table structure for sys_resource
-- ----------------------------
DROP TABLE IF EXISTS `sys_resource`;
CREATE TABLE `sys_resource` (
  `id` bigint(20) NOT NULL,
  `domain` varchar(20) DEFAULT NULL COMMENT '资源所属域',
  `operate` varchar(10) DEFAULT NULL COMMENT '操作类型：GET,POST,PUT',
  `code` varchar(128) DEFAULT NULL COMMENT '资源标识，如果是接口则为url',
  `name` varchar(50) DEFAULT NULL,
  PRIMARY KEY (`id`)
) ENGINE=InnoDB DEFAULT CHARSET=utf8;

-- ----------------------------
-- Records of sys_resource
-- ----------------------------
INSERT INTO `sys_resource` VALUES ('1', 'USER', 'GET', '/user/me', '查询我的信息');
INSERT INTO `sys_resource` VALUES ('2', 'USER', 'GET', '/user/list', '查询用户列表');

-- ----------------------------
-- Table structure for sys_role
-- ----------------------------
DROP TABLE IF EXISTS `sys_role`;
CREATE TABLE `sys_role` (
  `id` bigint(20) NOT NULL,
  `code` varchar(20) DEFAULT NULL,
  `name` varchar(20) DEFAULT NULL,
  `description` varchar(100) DEFAULT NULL,
  PRIMARY KEY (`id`)
) ENGINE=InnoDB DEFAULT CHARSET=utf8;

-- ----------------------------
-- Records of sys_role
-- ----------------------------
INSERT INTO `sys_role` VALUES ('1', 'ROLE_ADMIN', '管理员', null);
INSERT INTO `sys_role` VALUES ('2', 'ROLE_USER', '普通用户', null);

-- ----------------------------
-- Table structure for sys_role_resource
-- ----------------------------
DROP TABLE IF EXISTS `sys_role_resource`;
CREATE TABLE `sys_role_resource` (
  `id` bigint(20) NOT NULL,
  `roleId` bigint(20) DEFAULT NULL,
  `resourceId` bigint(20) DEFAULT NULL,
  PRIMARY KEY (`id`)
) ENGINE=InnoDB DEFAULT CHARSET=utf8;

-- ----------------------------
-- Records of sys_role_resource
-- ----------------------------
INSERT INTO `sys_role_resource` VALUES ('1', '1', '1');
INSERT INTO `sys_role_resource` VALUES ('2', '1', '2');
INSERT INTO `sys_role_resource` VALUES ('3', '2', '1');

-- ----------------------------
-- Table structure for sys_user
-- ----------------------------
DROP TABLE IF EXISTS `sys_user`;
CREATE TABLE `sys_user` (
  `id` bigint(20) NOT NULL AUTO_INCREMENT,
  `name` varchar(20) DEFAULT NULL,
  `avatarUrl` varchar(255) DEFAULT NULL COMMENT '头像',
  `username` varchar(20) NOT NULL,
  `password` varchar(128) NOT NULL,
  `tel` varchar(20) DEFAULT NULL,
  `gender` varchar(10) DEFAULT NULL,
  `createTime` datetime DEFAULT NULL,
  `lastLoginTime` datetime DEFAULT NULL COMMENT '最近一次登录时间',
  PRIMARY KEY (`id`),
  UNIQUE KEY `unique_username` (`username`) USING BTREE,
  UNIQUE KEY `unique_tel` (`tel`) USING BTREE
) ENGINE=InnoDB DEFAULT CHARSET=utf8;

-- ----------------------------
-- Records of sys_user
-- ----------------------------
INSERT INTO `sys_user` VALUES ('1', '张三', 'https://avatar.csdn.net/7/3/C/3_weixin_39780047.jpg', 'admin', '123456', '13712345678', 'MALE', '2018-12-03 17:57:12', '2019-03-25 15:36:02');
INSERT INTO `sys_user` VALUES ('2', '李四', 'https://avatar.csdnimg.cn/2/2/D/2_ayuanhaoshuai.jpg', 'user', '123456', '13812345678', 'UNKNOWN', '2018-12-03 17:57:12', '2019-03-22 15:36:06');
INSERT INTO `sys_user` VALUES ('3', 'test', null, 'test', '123456', null, null, null, null);

-- ----------------------------
-- Table structure for sys_user_client
-- ----------------------------
DROP TABLE IF EXISTS `sys_user_client`;
CREATE TABLE `sys_user_client` (
  `id` int(11) NOT NULL AUTO_INCREMENT,
  `userId` int(11) DEFAULT NULL,
  `clientId` varchar(255) DEFAULT NULL,
  PRIMARY KEY (`id`)
) ENGINE=InnoDB AUTO_INCREMENT=4 DEFAULT CHARSET=utf8;

-- ----------------------------
-- Records of sys_user_client
-- ----------------------------
INSERT INTO `sys_user_client` VALUES ('1', '1', 'hidemo_client_id');
INSERT INTO `sys_user_client` VALUES ('2', '2', 'hidemo_client_id');
INSERT INTO `sys_user_client` VALUES ('3', '1', 'himall_client_id');

-- ----------------------------
-- Table structure for sys_user_role
-- ----------------------------
DROP TABLE IF EXISTS `sys_user_role`;
CREATE TABLE `sys_user_role` (
  `id` bigint(20) NOT NULL,
  `userId` bigint(20) DEFAULT NULL,
  `roleId` bigint(20) DEFAULT NULL,
  PRIMARY KEY (`id`)
) ENGINE=InnoDB DEFAULT CHARSET=utf8;

-- ----------------------------
-- Records of sys_user_role
-- ----------------------------
INSERT INTO `sys_user_role` VALUES ('1', '1', '1');
INSERT INTO `sys_user_role` VALUES ('2', '2', '2');
INSERT INTO `sys_user_role` VALUES ('3', '1', '2');
